vcf_id	pheno_id	rule
FC1547	FC001547	zero_pad
FC19976	FC019976	zero_pad
FC19976-1	FC019976-1	zero_pad
FC19976-2	FC019976-2	zero_pad
FC19979-1	FC019979-1	zero_pad
FC19979-2	FC019979-2	zero_pad
FC19979-3	FC019979-3	zero_pad
FC19979-4	FC019979-4	zero_pad
FC19979-5	FC019979-5	zero_pad
FC19979-6	FC019979-6	zero_pad
FC19979-7	FC019979-7	zero_pad
FC2108	FC002108	zero_pad
FC2109	FC002109	zero_pad
FC21340	FC021340	zero_pad
FC29219	FC029219	zero_pad
FC29333	FC029333	zero_pad
FC30233	FC030233	zero_pad
FC30265	FC030265	zero_pad
FC30267	FC030267	zero_pad
FC30282	FC030282	zero_pad
FC30683	FC030683	zero_pad
FC30684	FC030684	zero_pad
FC30685	FC030685	zero_pad
FC30687	FC030687	zero_pad
FC30689	FC030689	zero_pad
FC30691	FC030691	zero_pad
FC30692	FC030692	zero_pad
FC30694	FC030694	zero_pad
FC30967	FC030967	zero_pad
FC31122	FC031122	zero_pad
FC31408	FC031408	zero_pad
FC31409	FC031409	zero_pad
FC31416	FC031416	zero_pad
FC31557	FC031557	zero_pad
FC31571	FC031571	zero_pad
FC31572	FC031572	zero_pad
FC31572-3	FC031572-3	zero_pad
FC31579	FC031579	zero_pad
FC31592	FC031592	zero_pad
FC31622	FC031622	zero_pad
FC31630	FC031630	zero_pad
FC31649	FC031649	zero_pad
FC31665	FC031665	zero_pad
FC31676	FC031676	zero_pad
FC31677	FC031677	zero_pad
FC31678	FC031678	zero_pad
FC31683	FC031683	zero_pad
FC31684	FC031684	zero_pad
FC31685	FC031685	zero_pad
FC31689	FC031689	zero_pad
FC31697	FC031697	zero_pad
FC31700	FC031700	zero_pad
FC31702	FC031702	zero_pad
FC31707	FC031707	zero_pad
FC31709	FC031709	zero_pad
FC31715	FC031715	zero_pad
FC31719	FC031719	zero_pad
FC31721	FC031721	zero_pad
FC31731	FC031731	zero_pad
FC31732	FC031732	zero_pad
FC31737	FC031737	zero_pad
FC31744	FC031744	zero_pad
FC31745	FC031745	zero_pad
FC31750	FC031750	zero_pad
FC31918	FC031918	zero_pad
FC31919	FC031919	zero_pad
FC31921	FC031921	zero_pad
FC31927	FC031927	zero_pad
FC31933	FC031933	zero_pad
FC31934	FC031934	zero_pad
FC31935	FC031935	zero_pad
FC31943	FC031943	zero_pad
FC31946	FC031946	zero_pad
FC31952	FC031952	zero_pad
FC32033	FC032033	zero_pad
FC32141	FC032141	zero_pad
FC32175	FC032175	zero_pad
FC32176	FC032176	zero_pad
FC33123	FC033123	zero_pad
FC33243	FC033243	zero_pad
FC33243-1	FC033243-1	zero_pad
FC33243-2	FC033243-2	zero_pad
FC3548	FC003548	zero_pad
FC3609	FC003609	zero_pad
FC3654-1	FC003654-1	zero_pad
FC3654N	FC003654N	zero_pad
FC3659	FC003659	zero_pad
FC3981	FC003981	zero_pad
FC4002B	FC004002B	zero_pad
FC4002N	FC004002N	zero_pad
FC4007A	FC004007A	zero_pad
FC4007B	FC004007B	zero_pad
PI19986	PI019986	zero_pad
PI30594	PI030594	zero_pad
PI30599	PI030599	zero_pad
PI30600	PI030600	zero_pad
PI36653	PI036653	zero_pad
PI36906	PI036906	zero_pad
PI47131	PI047131	zero_pad
PI54583	PI054583	zero_pad
PI54591	PI054591	zero_pad
PI54592	PI054592	zero_pad
PI54600	PI054600	zero_pad
PI54604	PI054604	zero_pad
PI54606-1	PI054606-1	zero_pad
PI54606-2	PI054606-2	zero_pad
PI54607	PI054607	zero_pad
PI54608	PI054608	zero_pad
PI54608-1	PI054608-1	zero_pad
PI54608-2	PI054608-2	zero_pad
PI54608-3	PI054608-3	zero_pad
PI54608-4	PI054608-4	zero_pad
PI54608-5	PI054608-5	zero_pad
PI54609	PI054609	zero_pad
PI54610	PI054610	zero_pad
PI54610-1	PI054610-1	zero_pad
PI54610-4	PI054610-4	zero_pad
PI54613	PI054613	zero_pad
PI54614	PI054614	zero_pad
PI54615	PI054615	zero_pad
PI54615-1	PI054615-1	zero_pad
PI54615-2	PI054615-2	zero_pad
PI54617	PI054617	zero_pad
PI54618	PI054618	zero_pad
PI54619	PI054619	zero_pad
PI54620	PI054620	zero_pad
PI54620-2	PI054620-2	zero_pad
PI54809	PI054809	zero_pad
PI54818	PI054818	zero_pad
PI54834	PI054834	zero_pad
PI54853	PI054853	zero_pad
PI54854	PI054854	zero_pad
PI54855	PI054855	zero_pad
PI54857	PI054857	zero_pad
PI54859	PI054859	zero_pad
PI54862	PI054862	zero_pad
PI54865	PI054865	zero_pad
PI54873	PI054873	zero_pad
PI55089	PI055089	zero_pad
PI55089-1	PI055089-1	zero_pad
PI55887	PI055887	zero_pad
PI56563	PI056563	zero_pad
PI57334	PI057334	zero_pad
PI58955	PI058955	zero_pad
PI59845	PI059845	zero_pad
PI59849	PI059849	zero_pad
PI60269	PI060269	zero_pad
PI60269-2	PI060269-2	zero_pad
PI60272	PI060272	zero_pad
PI60273	PI060273	zero_pad
PI60279	PI060279	zero_pad
PI60296	PI060296	zero_pad
PI60296-1	PI060296-1	zero_pad
PI60296-2	PI060296-2	zero_pad
PI60970	PI060970	zero_pad
PI61940	PI061940	zero_pad
PI61944	PI061944	zero_pad
PI61947	PI061947	zero_pad
PI62199	PI062199	zero_pad
PI62202	PI062202	zero_pad
PI62202-2	PI062202-2	zero_pad
PI62203	PI062203	zero_pad
PI62204	PI062204	zero_pad
PI62248	PI062248	zero_pad
PI62483	PI062483	zero_pad
PI63271	PI063271	zero_pad
PI63468	PI063468	zero_pad
PI63945	PI063945	zero_pad
PI64698	PI064698	zero_pad
PI64747	PI064747	zero_pad
PI65338	PI065338	zero_pad
PI65341	PI065341	zero_pad
PI65342	PI065342	zero_pad
PI65346	PI065346	zero_pad
PI65354	PI065354	zero_pad
PI65379	PI065379	zero_pad
PI65388	PI065388	zero_pad
PI68011	PI068011	zero_pad
PI68398	PI068398	zero_pad
PI68410	PI068410	zero_pad
PI68421	PI068421	zero_pad
PI68423	PI068423	zero_pad
PI68427	PI068427	zero_pad
PI68430	PI068430	zero_pad
PI68436	PI068436	zero_pad
PI68439	PI068439	zero_pad
PI68443	PI068443	zero_pad
PI68446	PI068446	zero_pad
PI68448	PI068448	zero_pad
PI68449	PI068449	zero_pad
PI68454	PI068454	zero_pad
PI68455	PI068455	zero_pad
PI68457	PI068457	zero_pad
PI68457-1	PI068457-1	zero_pad
PI68461	PI068461	zero_pad
PI68461-1	PI068461-1	zero_pad
PI68465	PI068465	zero_pad
PI68465-1	PI068465-1	zero_pad
PI68466	PI068466	zero_pad
PI68470	PI068470	zero_pad
PI68474	PI068474	zero_pad
PI68474-2	PI068474-2	zero_pad
PI68475	PI068475	zero_pad
PI68475-1	PI068475-1	zero_pad
PI68479	PI068479	zero_pad
PI68479-1	PI068479-1	zero_pad
PI68480	PI068480	zero_pad
PI68481	PI068481	zero_pad
PI68483	PI068483	zero_pad
PI68484-1	PI068484-1	zero_pad
PI68484-4	PI068484-4	zero_pad
PI68488	PI068488	zero_pad
PI68494	PI068494	zero_pad
PI68500	PI068500	zero_pad
PI68503	PI068503	zero_pad
PI68508	PI068508	zero_pad
PI68516	PI068516	zero_pad
PI68521	PI068521	zero_pad
PI68521-1	PI068521-1	zero_pad
PI68522	PI068522	zero_pad
PI68523	PI068523	zero_pad
PI68526	PI068526	zero_pad
PI68528	PI068528	zero_pad
PI68530	PI068530	zero_pad
PI68530-2	PI068530-2	zero_pad
PI68533-1	PI068533-1	zero_pad
PI68533-2	PI068533-2	zero_pad
PI68535	PI068535	zero_pad
PI68543	PI068543	zero_pad
PI68551-2	PI068551-2	zero_pad
PI68551-3	PI068551-3	zero_pad
PI68554	PI068554	zero_pad
PI68555	PI068555	zero_pad
PI68560	PI068560	zero_pad
PI68562	PI068562	zero_pad
PI68564	PI068564	zero_pad
PI68572	PI068572	zero_pad
PI68576	PI068576	zero_pad
PI68585	PI068585	zero_pad
PI68586	PI068586	zero_pad
PI68587	PI068587	zero_pad
PI68598	PI068598	zero_pad
PI68599	PI068599	zero_pad
PI68600	PI068600	zero_pad
PI68604-1	PI068604-1	zero_pad
PI68604-2	PI068604-2	zero_pad
PI68609A	PI068609A	zero_pad
PI68609B	PI068609B	zero_pad
PI68610	PI068610	zero_pad
PI68621	PI068621	zero_pad
PI68622	PI068622	zero_pad
PI68627	PI068627	zero_pad
PI68629	PI068629	zero_pad
PI68639	PI068639	zero_pad
PI68642	PI068642	zero_pad
PI68644	PI068644	zero_pad
PI68648	PI068648	zero_pad
PI68655	PI068655	zero_pad
PI68658	PI068658	zero_pad
PI68661	PI068661	zero_pad
PI68663	PI068663	zero_pad
PI68666	PI068666	zero_pad
PI68670-1	PI068670-1	zero_pad
PI68670-2	PI068670-2	zero_pad
PI68671	PI068671	zero_pad
PI68676	PI068676	zero_pad
PI68679	PI068679	zero_pad
PI68679-2	PI068679-2	zero_pad
PI68680	PI068680	zero_pad
PI68680-2	PI068680-2	zero_pad
PI68683	PI068683	zero_pad
PI68685	PI068685	zero_pad
PI68687	PI068687	zero_pad
PI68692	PI068692	zero_pad
PI68692-2	PI068692-2	zero_pad
PI68694	PI068694	zero_pad
PI68696	PI068696	zero_pad
PI68701	PI068701	zero_pad
PI68704	PI068704	zero_pad
PI68706	PI068706	zero_pad
PI68708	PI068708	zero_pad
PI68709	PI068709	zero_pad
PI68710	PI068710	zero_pad
PI68712	PI068712	zero_pad
PI68713	PI068713	zero_pad
PI68715	PI068715	zero_pad
PI68718	PI068718	zero_pad
PI68722	PI068722	zero_pad
PI68725	PI068725	zero_pad
PI68728	PI068728	zero_pad
PI68729	PI068729	zero_pad
PI68731	PI068731	zero_pad
PI68732	PI068732	zero_pad
PI68732-1	PI068732-1	zero_pad
PI68736	PI068736	zero_pad
PI68741	PI068741	zero_pad
PI68746	PI068746	zero_pad
PI68748	PI068748	zero_pad
PI68748-1	PI068748-1	zero_pad
PI68756	PI068756	zero_pad
PI68759	PI068759	zero_pad
PI68761	PI068761	zero_pad
PI68761-3	PI068761-3	zero_pad
PI68762	PI068762	zero_pad
PI68763	PI068763	zero_pad
PI68765	PI068765	zero_pad
PI68768	PI068768	zero_pad
PI68770	PI068770	zero_pad
PI68778	PI068778	zero_pad
PI68788	PI068788	zero_pad
PI68795	PI068795	zero_pad
PI68806	PI068806	zero_pad
PI68815	PI068815	zero_pad
PI69500	PI069500	zero_pad
PI69501	PI069501	zero_pad
PI69503	PI069503	zero_pad
PI69507	PI069507	zero_pad
PI69507-1	PI069507-1	zero_pad
PI69512	PI069512	zero_pad
PI69515	PI069515	zero_pad
PI69532	PI069532	zero_pad
PI69533	PI069533	zero_pad
PI69991	PI069991	zero_pad
PI69992	PI069992	zero_pad
PI69993	PI069993	zero_pad
PI69995	PI069995	zero_pad
PI69996	PI069996	zero_pad
PI70001	PI070001	zero_pad
PI70009	PI070009	zero_pad
PI70013	PI070013	zero_pad
PI70014	PI070014	zero_pad
PI70016	PI070016	zero_pad
PI70017	PI070017	zero_pad
PI70019	PI070019	zero_pad
PI70021	PI070021	zero_pad
PI70023	PI070023	zero_pad
PI70027	PI070027	zero_pad
PI70036	PI070036	zero_pad
PI70076	PI070076	zero_pad
PI70077	PI070077	zero_pad
PI70078	PI070078	zero_pad
PI70080	PI070080	zero_pad
PI70084	PI070084	zero_pad
PI70087	PI070087	zero_pad
PI70089	PI070089	zero_pad
PI70091	PI070091	zero_pad
PI70188	PI070188	zero_pad
PI70189	PI070189	zero_pad
PI70192	PI070192	zero_pad
PI70197	PI070197	zero_pad
PI70199	PI070199	zero_pad
PI70201	PI070201	zero_pad
PI70202	PI070202	zero_pad
PI70208	PI070208	zero_pad
PI70212	PI070212	zero_pad
PI70213	PI070213	zero_pad
PI70224	PI070224	zero_pad
PI70228	PI070228	zero_pad
PI70229	PI070229	zero_pad
PI70241	PI070241	zero_pad
PI70242	PI070242	zero_pad
PI70242-2	PI070242-2	zero_pad
PI70242-4	PI070242-4	zero_pad
PI70243	PI070243	zero_pad
PI70247	PI070247	zero_pad
PI70251	PI070251	zero_pad
PI70253	PI070253	zero_pad
PI70453	PI070453	zero_pad
PI70456	PI070456	zero_pad
PI70457	PI070457	zero_pad
PI70458	PI070458	zero_pad
PI70459	PI070459	zero_pad
PI70460	PI070460	zero_pad
PI70461	PI070461	zero_pad
PI70462	PI070462	zero_pad
PI70463	PI070463	zero_pad
PI70466-3	PI070466-3	zero_pad
PI70466-4	PI070466-4	zero_pad
PI70467	PI070467	zero_pad
PI70469	PI070469	zero_pad
PI70469-1	PI070469-1	zero_pad
PI70470	PI070470	zero_pad
PI70471	PI070471	zero_pad
PI70473	PI070473	zero_pad
PI70473-1	PI070473-1	zero_pad
PI70476	PI070476	zero_pad
PI70478	PI070478	zero_pad
PI70485	PI070485	zero_pad
PI70490	PI070490	zero_pad
PI70495	PI070495	zero_pad
PI70500	PI070500	zero_pad
PI70501	PI070501	zero_pad
PI70503	PI070503	zero_pad
PI70507	PI070507	zero_pad
PI70515	PI070515	zero_pad
PI70516	PI070516	zero_pad
PI70519	PI070519	zero_pad
PI70520	PI070520	zero_pad
PI70528	PI070528	zero_pad
PI70541	PI070541	zero_pad
PI70559	PI070559	zero_pad
PI70561	PI070561	zero_pad
PI70566	PI070566	zero_pad
PI71161	PI071161	zero_pad
PI71444	PI071444	zero_pad
PI71461	PI071461	zero_pad
PI71463	PI071463	zero_pad
PI71465	PI071465	zero_pad
PI71506	PI071506	zero_pad
PI71558	PI071558	zero_pad
PI71564	PI071564	zero_pad
PI71570	PI071570	zero_pad
PI71667	PI071667	zero_pad
PI71677	PI071677	zero_pad
PI71845	PI071845	zero_pad
PI71850	PI071850	zero_pad
PI71850-1	PI071850-1	zero_pad
PI72227	PI072227	zero_pad
PI72232	PI072232	zero_pad
PI72328	PI072328	zero_pad
PI72337	PI072337	zero_pad
PI72341	PI072341	zero_pad
PI72342	PI072342	zero_pad
PI73583	PI073583	zero_pad
PI73585	PI073585	zero_pad
PI73587	PI073587	zero_pad
PI73772	PI073772	zero_pad
PI73780	PI073780	zero_pad
PI78242	PI078242	zero_pad
PI78243	PI078243	zero_pad
PI79583	PI079583	zero_pad
PI79586	PI079586	zero_pad
PI79587	PI079587	zero_pad
PI79593	PI079593	zero_pad
PI79596	PI079596	zero_pad
PI79602	PI079602	zero_pad
PI79609	PI079609	zero_pad
PI79610	PI079610	zero_pad
PI79613	PI079613	zero_pad
PI79616	PI079616	zero_pad
PI79617	PI079617	zero_pad
PI79620	PI079620	zero_pad
PI79627	PI079627	zero_pad
PI79628	PI079628	zero_pad
PI79645	PI079645	zero_pad
PI79648	PI079648	zero_pad
PI79691	PI079691	zero_pad
PI79691-4	PI079691-4	zero_pad
PI79692	PI079692	zero_pad
PI79693	PI079693	zero_pad
PI79694	PI079694	zero_pad
PI79695	PI079695	zero_pad
PI79696	PI079696	zero_pad
PI79699	PI079699	zero_pad
PI79703	PI079703	zero_pad
PI79710	PI079710	zero_pad
PI79712	PI079712	zero_pad
PI79726	PI079726	zero_pad
PI79727	PI079727	zero_pad
PI79732-3	PI079732-3	zero_pad
PI79732-4	PI079732-4	zero_pad
PI79737	PI079737	zero_pad
PI79739	PI079739	zero_pad
PI79743	PI079743	zero_pad
PI79745	PI079745	zero_pad
PI79746	PI079746	zero_pad
PI79747	PI079747	zero_pad
PI79756	PI079756	zero_pad
PI79760	PI079760	zero_pad
PI79761	PI079761	zero_pad
PI79773	PI079773	zero_pad
PI79797	PI079797	zero_pad
PI79825	PI079825	zero_pad
PI79825-1	PI079825-1	zero_pad
PI79832	PI079832	zero_pad
PI79835	PI079835	zero_pad
PI79846	PI079846	zero_pad
PI79848	PI079848	zero_pad
PI79848-1	PI079848-1	zero_pad
PI79861	PI079861	zero_pad
PI79862	PI079862	zero_pad
PI79862-1	PI079862-1	zero_pad
PI79863	PI079863	zero_pad
PI79870-1	PI079870-1	zero_pad
PI79870-2	PI079870-2	zero_pad
PI79870-4	PI079870-4	zero_pad
PI79870-6	PI079870-6	zero_pad
PI79872	PI079872	zero_pad
PI79874	PI079874	zero_pad
PI79874-1	PI079874-1	zero_pad
PI79885	PI079885	zero_pad
PI80459	PI080459	zero_pad
PI80461	PI080461	zero_pad
PI80466	PI080466	zero_pad
PI80466-1	PI080466-1	zero_pad
PI80466-2	PI080466-2	zero_pad
PI80468	PI080468	zero_pad
PI80469	PI080469	zero_pad
PI80470	PI080470	zero_pad
PI80471	PI080471	zero_pad
PI80471-1	PI080471-1	zero_pad
PI80473	PI080473	zero_pad
PI80476	PI080476	zero_pad
PI80479	PI080479	zero_pad
PI80480	PI080480	zero_pad
PI80481	PI080481	zero_pad
PI80485	PI080485	zero_pad
PI80488	PI080488	zero_pad
PI80488-1	PI080488-1	zero_pad
PI80494	PI080494	zero_pad
PI80498	PI080498	zero_pad
PI80498-1	PI080498-1	zero_pad
PI80536	PI080536	zero_pad
PI80671	PI080671	zero_pad
PI80822	PI080822	zero_pad
PI80825	PI080825	zero_pad
PI80828-1	PI080828-1	zero_pad
PI80828-2	PI080828-2	zero_pad
PI80831	PI080831	zero_pad
PI80834-1	PI080834-1	zero_pad
PI80834-2	PI080834-2	zero_pad
PI80837	PI080837	zero_pad
PI80841	PI080841	zero_pad
PI80844-2	PI080844-2	zero_pad
PI80844-3	PI080844-3	zero_pad
PI80845-1	PI080845-1	zero_pad
PI80845-2	PI080845-2	zero_pad
PI80847-1	PI080847-1	zero_pad
PI80847-2	PI080847-2	zero_pad
PI81023	PI081023	zero_pad
PI81027	PI081027	zero_pad
PI81029	PI081029	zero_pad
PI81029-1	PI081029-1	zero_pad
PI81029N	PI081029N	zero_pad
PI81030	PI081030	zero_pad
PI81030-1	PI081030-1	zero_pad
PI81031-1	PI081031-1	zero_pad
PI81031-2	PI081031-2	zero_pad
PI81033	PI081033	zero_pad
PI81034-1	PI081034-1	zero_pad
PI81034-2	PI081034-2	zero_pad
PI81035	PI081035	zero_pad
PI81037	PI081037	zero_pad
PI81037-1	PI081037-1	zero_pad
PI81037-2	PI081037-2	zero_pad
PI81037-3	PI081037-3	zero_pad
PI81037-4	PI081037-4	zero_pad
PI81037-5	PI081037-5	zero_pad
PI81038	PI081038	zero_pad
PI81040	PI081040	zero_pad
PI81041	PI081041	zero_pad
PI81041-1	PI081041-1	zero_pad
PI81042	PI081042	zero_pad
PI81042-1	PI081042-1	zero_pad
PI81042-2	PI081042-2	zero_pad
PI81044-1	PI081044-1	zero_pad
PI81044-2	PI081044-2	zero_pad
PI81667	PI081667	zero_pad
PI81761	PI081761	zero_pad
PI81763	PI081763	zero_pad
PI81764	PI081764	zero_pad
PI81765	PI081765	zero_pad
PI81766	PI081766	zero_pad
PI81767	PI081767	zero_pad
PI81768	PI081768	zero_pad
PI81770	PI081770	zero_pad
PI81771	PI081771	zero_pad
PI81772	PI081772	zero_pad
PI81773	PI081773	zero_pad
PI81774	PI081774	zero_pad
PI81775	PI081775	zero_pad
PI81777	PI081777	zero_pad
PI81780	PI081780	zero_pad
PI81780S	PI081780S	zero_pad
PI81785	PI081785	zero_pad
PI81971	PI081971	zero_pad
PI82183	PI082183	zero_pad
PI82184	PI082184	zero_pad
PI82184S	PI082184S	zero_pad
PI82210	PI082210	zero_pad
PI82218	PI082218	zero_pad
PI82232	PI082232	zero_pad
PI82235	PI082235	zero_pad
PI82246	PI082246	zero_pad
PI82246-1	PI082246-1	zero_pad
PI82259	PI082259	zero_pad
PI82263-1	PI082263-1	zero_pad
PI82263-2	PI082263-2	zero_pad
PI82263-3	PI082263-3	zero_pad
PI82264	PI082264	zero_pad
PI82278	PI082278	zero_pad
PI82286	PI082286	zero_pad
PI82291	PI082291	zero_pad
PI82295	PI082295	zero_pad
PI82296	PI082296	zero_pad
PI82302	PI082302	zero_pad
PI82307	PI082307	zero_pad
PI82308	PI082308	zero_pad
PI82312	PI082312	zero_pad
PI82312N	PI082312N	zero_pad
PI82315	PI082315	zero_pad
PI82325	PI082325	zero_pad
PI82326	PI082326	zero_pad
PI82509	PI082509	zero_pad
PI82527	PI082527	zero_pad
PI82532	PI082532	zero_pad
PI82534	PI082534	zero_pad
PI82544	PI082544	zero_pad
PI82554	PI082554	zero_pad
PI82555	PI082555	zero_pad
PI82558	PI082558	zero_pad
PI82581	PI082581	zero_pad
PI82588	PI082588	zero_pad
PI83836	PI083836	zero_pad
PI83853	PI083853	zero_pad
PI83858	PI083858	zero_pad
PI83868	PI083868	zero_pad
PI83874	PI083874	zero_pad
PI83881	PI083881	zero_pad
PI83881A	PI083881A	zero_pad
PI83889	PI083889	zero_pad
PI83891	PI083891	zero_pad
PI83892	PI083892	zero_pad
PI83893	PI083893	zero_pad
PI83915	PI083915	zero_pad
PI83923	PI083923	zero_pad
PI83925	PI083925	zero_pad
PI83940	PI083940	zero_pad
PI83942	PI083942	zero_pad
PI83944	PI083944	zero_pad
PI83945-1	PI083945-1	zero_pad
PI83945-3	PI083945-3	zero_pad
PI83945-4	PI083945-4	zero_pad
PI83946	PI083946	zero_pad
PI84509	PI084509	zero_pad
PI84578	PI084578	zero_pad
PI84579	PI084579	zero_pad
PI84580	PI084580	zero_pad
PI84581	PI084581	zero_pad
PI84594	PI084594	zero_pad
PI84609	PI084609	zero_pad
PI84610	PI084610	zero_pad
PI84611	PI084611	zero_pad
PI84619	PI084619	zero_pad
PI84628	PI084628	zero_pad
PI84631	PI084631	zero_pad
PI84632	PI084632	zero_pad
PI84632S	PI084632S	zero_pad
PI84633	PI084633	zero_pad
PI84637	PI084637	zero_pad
PI84639	PI084639	zero_pad
PI84642	PI084642	zero_pad
PI84644	PI084644	zero_pad
PI84646	PI084646	zero_pad
PI84646-2	PI084646-2	zero_pad
PI84656	PI084656	zero_pad
PI84657	PI084657	zero_pad
PI84660	PI084660	zero_pad
PI84662	PI084662	zero_pad
PI84664	PI084664	zero_pad
PI84665	PI084665	zero_pad
PI84666	PI084666	zero_pad
PI84666-1	PI084666-1	zero_pad
PI84668	PI084668	zero_pad
PI84668-1	PI084668-1	zero_pad
PI84669	PI084669	zero_pad
PI84669N	PI084669N	zero_pad
PI84671	PI084671	zero_pad
PI84673	PI084673	zero_pad
PI84673-1	PI084673-1	zero_pad
PI84674	PI084674	zero_pad
PI84679	PI084679	zero_pad
PI84680	PI084680	zero_pad
PI84681	PI084681	zero_pad
PI84682	PI084682	zero_pad
PI84683	PI084683	zero_pad
PI84683A	PI084683A	zero_pad
PI84686	PI084686	zero_pad
PI84713	PI084713	zero_pad
PI84724	PI084724	zero_pad
PI84734	PI084734	zero_pad
PI84742	PI084742	zero_pad
PI84750	PI084750	zero_pad
PI84751	PI084751	zero_pad
PI84757	PI084757	zero_pad
PI84807	PI084807	zero_pad
PI84810	PI084810	zero_pad
PI84874	PI084874	zero_pad
PI84896	PI084896	zero_pad
PI84908-1	PI084908-1	zero_pad
PI84908-2	PI084908-2	zero_pad
PI84910	PI084910	zero_pad
PI84912	PI084912	zero_pad
PI84914	PI084914	zero_pad
PI84921	PI084921	zero_pad
PI84928	PI084928	zero_pad
PI84939	PI084939	zero_pad
PI84944	PI084944	zero_pad
PI84946-1	PI084946-1	zero_pad
PI84946-2	PI084946-2	zero_pad
PI84949	PI084949	zero_pad
PI84954	PI084954	zero_pad
PI84957	PI084957	zero_pad
PI84957-1	PI084957-1	zero_pad
PI84959	PI084959	zero_pad
PI84960	PI084960	zero_pad
PI84964	PI084964	zero_pad
PI84965	PI084965	zero_pad
PI84967	PI084967	zero_pad
PI84970	PI084970	zero_pad
PI84973	PI084973	zero_pad
PI84976	PI084976	zero_pad
PI84976-1	PI084976-1	zero_pad
PI84979	PI084979	zero_pad
PI84985	PI084985	zero_pad
PI84987	PI084987	zero_pad
PI84987A	PI084987A	zero_pad
PI84992	PI084992	zero_pad
PI85009-1	PI085009-1	zero_pad
PI85009-2	PI085009-2	zero_pad
PI85010	PI085010	zero_pad
PI85012	PI085012	zero_pad
PI85014	PI085014	zero_pad
PI85019	PI085019	zero_pad
PI85021	PI085021	zero_pad
PI85089	PI085089	zero_pad
PI85252	PI085252	zero_pad
PI85272	PI085272	zero_pad
PI85340	PI085340	zero_pad
PI85342	PI085342	zero_pad
PI85355	PI085355	zero_pad
PI85356	PI085356	zero_pad
PI85407	PI085407	zero_pad
PI85416	PI085416	zero_pad
PI85420	PI085420	zero_pad
PI85420-1	PI085420-1	zero_pad
PI85424	PI085424	zero_pad
PI85437	PI085437	zero_pad
PI85441	PI085441	zero_pad
PI85456	PI085456	zero_pad
PI85465	PI085465	zero_pad
PI85469	PI085469	zero_pad
PI85476	PI085476	zero_pad
PI85490	PI085490	zero_pad
PI85492	PI085492	zero_pad
PI85505	PI085505	zero_pad
PI85506	PI085506	zero_pad
PI85508	PI085508	zero_pad
PI85519	PI085519	zero_pad
PI85550	PI085550	zero_pad
PI85559	PI085559	zero_pad
PI85590	PI085590	zero_pad
PI85619	PI085619	zero_pad
PI85624	PI085624	zero_pad
PI85625	PI085625	zero_pad
PI85626	PI085626	zero_pad
PI85630	PI085630	zero_pad
PI85658	PI085658	zero_pad
PI85663	PI085663	zero_pad
PI85665	PI085665	zero_pad
PI85666	PI085666	zero_pad
PI85666S	PI085666S	zero_pad
PI85668	PI085668	zero_pad
PI85671	PI085671	zero_pad
PI85878	PI085878	zero_pad
PI85897	PI085897	zero_pad
PI85903	PI085903	zero_pad
PI86002	PI086002	zero_pad
PI86004	PI086004	zero_pad
PI86006	PI086006	zero_pad
PI86007	PI086007	zero_pad
PI86021	PI086021	zero_pad
PI86022	PI086022	zero_pad
PI86023	PI086023	zero_pad
PI86024	PI086024	zero_pad
PI86026	PI086026	zero_pad
PI86026-1	PI086026-1	zero_pad
PI86027	PI086027	zero_pad
PI86028	PI086028	zero_pad
PI86029	PI086029	zero_pad
PI86031	PI086031	zero_pad
PI86032	PI086032	zero_pad
PI86038	PI086038	zero_pad
PI86045	PI086045	zero_pad
PI86045S	PI086045S	zero_pad
PI86046	PI086046	zero_pad
PI86050	PI086050	zero_pad
PI86053	PI086053	zero_pad
PI86060	PI086060	zero_pad
PI86062	PI086062	zero_pad
PI86063	PI086063	zero_pad
PI86069	PI086069	zero_pad
PI86071	PI086071	zero_pad
PI86073	PI086073	zero_pad
PI86075	PI086075	zero_pad
PI86078	PI086078	zero_pad
PI86078-1	PI086078-1	zero_pad
PI86081	PI086081	zero_pad
PI86084	PI086084	zero_pad
PI86089	PI086089	zero_pad
PI86091	PI086091	zero_pad
PI86091-1	PI086091-1	zero_pad
PI86098	PI086098	zero_pad
PI86102	PI086102	zero_pad
PI86103	PI086103	zero_pad
PI86109	PI086109	zero_pad
PI86109B	PI086109B	zero_pad
PI86111	PI086111	zero_pad
PI86112	PI086112	zero_pad
PI86112-1	PI086112-1	zero_pad
PI86113	PI086113	zero_pad
PI86113S	PI086113S	zero_pad
PI86114	PI086114	zero_pad
PI86115	PI086115	zero_pad
PI86116	PI086116	zero_pad
PI86122	PI086122	zero_pad
PI86123	PI086123	zero_pad
PI86128	PI086128	zero_pad
PI86133	PI086133	zero_pad
PI86134-1	PI086134-1	zero_pad
PI86134-2	PI086134-2	zero_pad
PI86134-3	PI086134-3	zero_pad
PI86134-4	PI086134-4	zero_pad
PI86136	PI086136	zero_pad
PI86137	PI086137	zero_pad
PI86137-1	PI086137-1	zero_pad
PI86138	PI086138	zero_pad
PI86138R	PI086138R	zero_pad
PI86142	PI086142	zero_pad
PI86144	PI086144	zero_pad
PI86145	PI086145	zero_pad
PI86146	PI086146	zero_pad
PI86150	PI086150	zero_pad
PI86153	PI086153	zero_pad
PI86154	PI086154	zero_pad
PI86301	PI086301	zero_pad
PI86410	PI086410	zero_pad
PI86411	PI086411	zero_pad
PI86416	PI086416	zero_pad
PI86425	PI086425	zero_pad
PI86443	PI086443	zero_pad
PI86445	PI086445	zero_pad
PI86449	PI086449	zero_pad
PI86449-0	PI086449-0	zero_pad
PI86449-2	PI086449-2	zero_pad
PI86452	PI086452	zero_pad
PI86454	PI086454	zero_pad
PI86456	PI086456	zero_pad
PI86457	PI086457	zero_pad
PI86457-1	PI086457-1	zero_pad
PI86463	PI086463	zero_pad
PI86465	PI086465	zero_pad
PI86469	PI086469	zero_pad
PI86482	PI086482	zero_pad
PI86482-1	PI086482-1	zero_pad
PI86490	PI086490	zero_pad
PI86490-2	PI086490-2	zero_pad
PI86490-3	PI086490-3	zero_pad
PI86490-4	PI086490-4	zero_pad
PI86491	PI086491	zero_pad
PI86502	PI086502	zero_pad
PI86504	PI086504	zero_pad
PI86510	PI086510	zero_pad
PI86543	PI086543	zero_pad
PI86736	PI086736	zero_pad
PI86737	PI086737	zero_pad
PI86740	PI086740	zero_pad
PI86741	PI086741	zero_pad
PI86876	PI086876	zero_pad
PI86878	PI086878	zero_pad
PI86878-2	PI086878-2	zero_pad
PI86892	PI086892	zero_pad
PI86903-3	PI086903-3	zero_pad
PI86903-4	PI086903-4	zero_pad
PI86904	PI086904	zero_pad
PI86904-1	PI086904-1	zero_pad
PI86908	PI086908	zero_pad
PI86972-1	PI086972-1	zero_pad
PI86972-2	PI086972-2	zero_pad
PI86978	PI086978	zero_pad
PI86982	PI086982	zero_pad
PI87002	PI087002	zero_pad
PI87005	PI087005	zero_pad
PI87011	PI087011	zero_pad
PI87013	PI087013	zero_pad
PI87026	PI087026	zero_pad
PI87029	PI087029	zero_pad
PI87037	PI087037	zero_pad
PI87047	PI087047	zero_pad
PI87059	PI087059	zero_pad
PI87065	PI087065	zero_pad
PI87074	PI087074	zero_pad
PI87076	PI087076	zero_pad
PI87165	PI087165	zero_pad
PI87167	PI087167	zero_pad
PI87457	PI087457	zero_pad
PI87465-1	PI087465-1	zero_pad
PI87465-2	PI087465-2	zero_pad
PI87524	PI087524	zero_pad
PI87525	PI087525	zero_pad
PI87530	PI087530	zero_pad
PI87531	PI087531	zero_pad
PI87540	PI087540	zero_pad
PI87542	PI087542	zero_pad
PI87561	PI087561	zero_pad
PI87565	PI087565	zero_pad
PI87571	PI087571	zero_pad
PI87574	PI087574	zero_pad
PI87575	PI087575	zero_pad
PI87588	PI087588	zero_pad
PI87600-1	PI087600-1	zero_pad
PI87600-2	PI087600-2	zero_pad
PI87606	PI087606	zero_pad
PI87614	PI087614	zero_pad
PI87615	PI087615	zero_pad
PI87617	PI087617	zero_pad
PI87618	PI087618	zero_pad
PI87619	PI087619	zero_pad
PI87619-1	PI087619-1	zero_pad
PI87620	PI087620	zero_pad
PI87620-1	PI087620-1	zero_pad
PI87622	PI087622	zero_pad
PI87623	PI087623	zero_pad
PI87628	PI087628	zero_pad
PI87629	PI087629	zero_pad
PI87630	PI087630	zero_pad
PI87631	PI087631	zero_pad
PI87631-1	PI087631-1	zero_pad
PI87631-3	PI087631-3	zero_pad
PI87632	PI087632	zero_pad
PI87634	PI087634	zero_pad
PI87968	PI087968	zero_pad
PI88282	PI088282	zero_pad
PI88287	PI088287	zero_pad
PI88288	PI088288	zero_pad
PI88289	PI088289	zero_pad
PI88290	PI088290	zero_pad
PI88291	PI088291	zero_pad
PI88292	PI088292	zero_pad
PI88293	PI088293	zero_pad
PI88293A	PI088293A	zero_pad
PI88294	PI088294	zero_pad
PI88294-1	PI088294-1	zero_pad
PI88295	PI088295	zero_pad
PI88295-1	PI088295-1	zero_pad
PI88296	PI088296	zero_pad
PI88297	PI088297	zero_pad
PI88298	PI088298	zero_pad
PI88300	PI088300	zero_pad
PI88301	PI088301	zero_pad
PI88302-1	PI088302-1	zero_pad
PI88302-2	PI088302-2	zero_pad
PI88303	PI088303	zero_pad
PI88303-1	PI088303-1	zero_pad
PI88304	PI088304	zero_pad
PI88305	PI088305	zero_pad
PI88306	PI088306	zero_pad
PI88306-1	PI088306-1	zero_pad
PI88307	PI088307	zero_pad
PI88308	PI088308	zero_pad
PI88309	PI088309	zero_pad
PI88310	PI088310	zero_pad
PI88311	PI088311	zero_pad
PI88312	PI088312	zero_pad
PI88313	PI088313	zero_pad
PI88349	PI088349	zero_pad
PI88350	PI088350	zero_pad
PI88351	PI088351	zero_pad
PI88352	PI088352	zero_pad
PI88353	PI088353	zero_pad
PI88354	PI088354	zero_pad
PI88355	PI088355	zero_pad
PI88356	PI088356	zero_pad
PI88357	PI088357	zero_pad
PI88358	PI088358	zero_pad
PI88359	PI088359	zero_pad
PI88442	PI088442	zero_pad
PI88443	PI088443	zero_pad
PI88444	PI088444	zero_pad
PI88445	PI088445	zero_pad
PI88447	PI088447	zero_pad
PI88447-3	PI088447-3	zero_pad
PI88448	PI088448	zero_pad
PI88452	PI088452	zero_pad
PI88455	PI088455	zero_pad
PI88458	PI088458	zero_pad
PI88459	PI088459	zero_pad
PI88461	PI088461	zero_pad
PI88466	PI088466	zero_pad
PI88466-1	PI088466-1	zero_pad
PI88468	PI088468	zero_pad
PI88479	PI088479	zero_pad
PI88484	PI088484	zero_pad
PI88486	PI088486	zero_pad
PI88490	PI088490	zero_pad
PI88490-1	PI088490-1	zero_pad
PI88490-2	PI088490-2	zero_pad
PI88491	PI088491	zero_pad
PI88492	PI088492	zero_pad
PI88495	PI088495	zero_pad
PI88497	PI088497	zero_pad
PI88499	PI088499	zero_pad
PI88502	PI088502	zero_pad
PI88508	PI088508	zero_pad
PI88777	PI088777	zero_pad
PI88780	PI088780	zero_pad
PI88782	PI088782	zero_pad
PI88783	PI088783	zero_pad
PI88787	PI088787	zero_pad
PI88788	PI088788	zero_pad
PI88789	PI088789	zero_pad
PI88790	PI088790	zero_pad
PI88793	PI088793	zero_pad
PI88797	PI088797	zero_pad
PI88798	PI088798	zero_pad
PI88799	PI088799	zero_pad
PI88803	PI088803	zero_pad
PI88803-1	PI088803-1	zero_pad
PI88804	PI088804	zero_pad
PI88805-2	PI088805-2	zero_pad
PI88805-4	PI088805-4	zero_pad
PI88806	PI088806	zero_pad
PI88809	PI088809	zero_pad
PI88810	PI088810	zero_pad
PI88811	PI088811	zero_pad
PI88813	PI088813	zero_pad
PI88814	PI088814	zero_pad
PI88815	PI088815	zero_pad
PI88816	PI088816	zero_pad
PI88816S	PI088816S	zero_pad
PI88818	PI088818	zero_pad
PI88820	PI088820	zero_pad
PI88820N	PI088820N	zero_pad
PI88823	PI088823	zero_pad
PI88825	PI088825	zero_pad
PI88826	PI088826	zero_pad
PI88886	PI088886	zero_pad
PI88965	PI088965	zero_pad
PI88997	PI088997	zero_pad
PI88998-1	PI088998-1	zero_pad
PI88998-2	PI088998-2	zero_pad
PI89000	PI089000	zero_pad
PI89001	PI089001	zero_pad
PI89002	PI089002	zero_pad
PI89002-2	PI089002-2	zero_pad
PI89003-1	PI089003-1	zero_pad
PI89003-2	PI089003-2	zero_pad
PI89004	PI089004	zero_pad
PI89005-4	PI089005-4	zero_pad
PI89005-5	PI089005-5	zero_pad
PI89006	PI089006	zero_pad
PI89006-2	PI089006-2	zero_pad
PI89007	PI089007	zero_pad
PI89008	PI089008	zero_pad
PI89009	PI089009	zero_pad
PI89009-2	PI089009-2	zero_pad
PI89010	PI089010	zero_pad
PI89012	PI089012	zero_pad
PI89012-1	PI089012-1	zero_pad
PI89013	PI089013	zero_pad
PI89014	PI089014	zero_pad
PI89053	PI089053	zero_pad
PI89055	PI089055	zero_pad
PI89055-1	PI089055-1	zero_pad
PI89056-2	PI089056-2	zero_pad
PI89056-3	PI089056-3	zero_pad
PI89057	PI089057	zero_pad
PI89058	PI089058	zero_pad
PI89059	PI089059	zero_pad
PI89060	PI089060	zero_pad
PI89061	PI089061	zero_pad
PI89061-1	PI089061-1	zero_pad
PI89061-2	PI089061-2	zero_pad
PI89061-3	PI089061-3	zero_pad
PI89061N	PI089061N	zero_pad
PI89063	PI089063	zero_pad
PI89064	PI089064	zero_pad
PI89065	PI089065	zero_pad
PI89065-2	PI089065-2	zero_pad
PI89066	PI089066	zero_pad
PI89067	PI089067	zero_pad
PI89070	PI089070	zero_pad
PI89072	PI089072	zero_pad
PI89073	PI089073	zero_pad
PI89074	PI089074	zero_pad
PI89075	PI089075	zero_pad
PI89117	PI089117	zero_pad
PI89128	PI089128	zero_pad
PI89130	PI089130	zero_pad
PI89133	PI089133	zero_pad
PI89134	PI089134	zero_pad
PI89138	PI089138	zero_pad
PI89143	PI089143	zero_pad
PI89146	PI089146	zero_pad
PI89150	PI089150	zero_pad
PI89152	PI089152	zero_pad
PI89153	PI089153	zero_pad
PI89154	PI089154	zero_pad
PI89154-1	PI089154-1	zero_pad
PI89154-2	PI089154-2	zero_pad
PI89154S	PI089154S	zero_pad
PI89156	PI089156	zero_pad
PI89162	PI089162	zero_pad
PI89167	PI089167	zero_pad
PI89168	PI089168	zero_pad
PI89170	PI089170	zero_pad
PI89171	PI089171	zero_pad
PI89469	PI089469	zero_pad
PI89471	PI089471	zero_pad
PI89769	PI089769	zero_pad
PI89772	PI089772	zero_pad
PI89773	PI089773	zero_pad
PI89775	PI089775	zero_pad
PI89783	PI089783	zero_pad
PI89784	PI089784	zero_pad
PI90138	PI090138	zero_pad
PI90180	PI090180	zero_pad
PI90208	PI090208	zero_pad
PI90220	PI090220	zero_pad
PI90221	PI090221	zero_pad
PI90233	PI090233	zero_pad
PI90241	PI090241	zero_pad
PI90243	PI090243	zero_pad
PI90245	PI090245	zero_pad
PI90249	PI090249	zero_pad
PI90251	PI090251	zero_pad
PI90256	PI090256	zero_pad
PI90258	PI090258	zero_pad
PI90305	PI090305	zero_pad
PI90354	PI090354	zero_pad
PI90369	PI090369	zero_pad
PI90392	PI090392	zero_pad
PI90401	PI090401	zero_pad
PI90402	PI090402	zero_pad
PI90406	PI090406	zero_pad
PI90406-1	PI090406-1	zero_pad
PI90407	PI090407	zero_pad
PI90463	PI090463	zero_pad
PI90479-1	PI090479-1	zero_pad
PI90479P	PI090479P	zero_pad
PI90481	PI090481	zero_pad
PI90486	PI090486	zero_pad
PI90490	PI090490	zero_pad
PI90490-2	PI090490-2	zero_pad
PI90495	PI090495	zero_pad
PI90495N	PI090495N	zero_pad
PI90499	PI090499	zero_pad
PI90499-1	PI090499-1	zero_pad
PI90499-2	PI090499-2	zero_pad
PI90560	PI090560	zero_pad
PI90563	PI090563	zero_pad
PI90566	PI090566	zero_pad
PI90566-1	PI090566-1	zero_pad
PI90567	PI090567	zero_pad
PI90567-1	PI090567-1	zero_pad
PI90570	PI090570	zero_pad
PI90573	PI090573	zero_pad
PI90574	PI090574	zero_pad
PI90575	PI090575	zero_pad
PI90576-1	PI090576-1	zero_pad
PI90576-2	PI090576-2	zero_pad
PI90577	PI090577	zero_pad
PI90578	PI090578	zero_pad
PI90579	PI090579	zero_pad
PI90723	PI090723	zero_pad
PI90760	PI090760	zero_pad
PI90763	PI090763	zero_pad
PI90768	PI090768	zero_pad
PI91073	PI091073	zero_pad
PI91082	PI091082	zero_pad
PI91083	PI091083	zero_pad
PI91089	PI091089	zero_pad
PI91091	PI091091	zero_pad
PI91100	PI091100	zero_pad
PI91100-1	PI091100-1	zero_pad
PI91100-2	PI091100-2	zero_pad
PI91100-3	PI091100-3	zero_pad
PI91100-4	PI091100-4	zero_pad
PI91102	PI091102	zero_pad
PI91103	PI091103	zero_pad
PI91104	PI091104	zero_pad
PI91107	PI091107	zero_pad
PI91108-1	PI091108-1	zero_pad
PI91108-2	PI091108-2	zero_pad
PI91108N	PI091108N	zero_pad
PI91109	PI091109	zero_pad
PI91110	PI091110	zero_pad
PI91110-1	PI091110-1	zero_pad
PI91113	PI091113	zero_pad
PI91114	PI091114	zero_pad
PI91115	PI091115	zero_pad
PI91116	PI091116	zero_pad
PI91117	PI091117	zero_pad
PI91119	PI091119	zero_pad
PI91120	PI091120	zero_pad
PI91120-2	PI091120-2	zero_pad
PI91120-3	PI091120-3	zero_pad
PI91121-1	PI091121-1	zero_pad
PI91121-2	PI091121-2	zero_pad
PI91123	PI091123	zero_pad
PI91124	PI091124	zero_pad
PI91126	PI091126	zero_pad
PI91127	PI091127	zero_pad
PI91129	PI091129	zero_pad
PI91132-2	PI091132-2	zero_pad
PI91132-3	PI091132-3	zero_pad
PI91133	PI091133	zero_pad
PI91138	PI091138	zero_pad
PI91141	PI091141	zero_pad
PI91142	PI091142	zero_pad
PI91144	PI091144	zero_pad
PI91149	PI091149	zero_pad
PI91150	PI091150	zero_pad
PI91151	PI091151	zero_pad
PI91152	PI091152	zero_pad
PI91153	PI091153	zero_pad
PI91153-1	PI091153-1	zero_pad
PI91153-7	PI091153-7	zero_pad
PI91154	PI091154	zero_pad
PI91156	PI091156	zero_pad
PI91159	PI091159	zero_pad
PI91159-4	PI091159-4	zero_pad
PI91159S	PI091159S	zero_pad
PI91160	PI091160	zero_pad
PI91161	PI091161	zero_pad
PI91162	PI091162	zero_pad
PI91163	PI091163	zero_pad
PI91164	PI091164	zero_pad
PI91165	PI091165	zero_pad
PI91166	PI091166	zero_pad
PI91167	PI091167	zero_pad
PI91169	PI091169	zero_pad
PI91171	PI091171	zero_pad
PI91174	PI091174	zero_pad
PI91178	PI091178	zero_pad
PI91178-1	PI091178-1	zero_pad
PI91180	PI091180	zero_pad
PI91340	PI091340	zero_pad
PI91341	PI091341	zero_pad
PI91343	PI091343	zero_pad
PI91346	PI091346	zero_pad
PI91349	PI091349	zero_pad
PI91557	PI091557	zero_pad
PI91559	PI091559	zero_pad
PI91646	PI091646	zero_pad
PI91679	PI091679	zero_pad
PI91684	PI091684	zero_pad
PI91702	PI091702	zero_pad
PI91719	PI091719	zero_pad
PI91725	PI091725	zero_pad
PI91725-2	PI091725-2	zero_pad
PI91725-3	PI091725-3	zero_pad
PI91725-4	PI091725-4	zero_pad
PI91729	PI091729	zero_pad
PI91730	PI091730	zero_pad
PI91730-1	PI091730-1	zero_pad
PI91731	PI091731	zero_pad
PI91731-1	PI091731-1	zero_pad
PI91732-1	PI091732-1	zero_pad
PI91732-2	PI091732-2	zero_pad
PI91733	PI091733	zero_pad
PI91733-1	PI091733-1	zero_pad
PI91734	PI091734	zero_pad
PI91750	PI091750	zero_pad
PI92109	PI092109	zero_pad
PI92460	PI092460	zero_pad
PI92463	PI092463	zero_pad
PI92464	PI092464	zero_pad
PI92465	PI092465	zero_pad
PI92466	PI092466	zero_pad
PI92468	PI092468	zero_pad
PI92469	PI092469	zero_pad
PI92470	PI092470	zero_pad
PI92557	PI092557	zero_pad
PI92560	PI092560	zero_pad
PI92561	PI092561	zero_pad
PI92563	PI092563	zero_pad
PI92565	PI092565	zero_pad
PI92567	PI092567	zero_pad
PI92568	PI092568	zero_pad
PI92569	PI092569	zero_pad
PI92570	PI092570	zero_pad
PI92571	PI092571	zero_pad
PI92572	PI092572	zero_pad
PI92573	PI092573	zero_pad
PI92576	PI092576	zero_pad
PI92577	PI092577	zero_pad
PI92580	PI092580	zero_pad
PI92582	PI092582	zero_pad
PI92583	PI092583	zero_pad
PI92589	PI092589	zero_pad
PI92590	PI092590	zero_pad
PI92592	PI092592	zero_pad
PI92593	PI092593	zero_pad
PI92594	PI092594	zero_pad
PI92595	PI092595	zero_pad
PI92596	PI092596	zero_pad
PI92598	PI092598	zero_pad
PI92600	PI092600	zero_pad
PI92601	PI092601	zero_pad
PI92601-1	PI092601-1	zero_pad
PI92601-2	PI092601-2	zero_pad
PI92601-5	PI092601-5	zero_pad
PI92602	PI092602	zero_pad
PI92603	PI092603	zero_pad
PI92604	PI092604	zero_pad
PI92605	PI092605	zero_pad
PI92606	PI092606	zero_pad
PI92607	PI092607	zero_pad
PI92608	PI092608	zero_pad
PI92611	PI092611	zero_pad
PI92617	PI092617	zero_pad
PI92618	PI092618	zero_pad
PI92619	PI092619	zero_pad
PI92623	PI092623	zero_pad
PI92625	PI092625	zero_pad
PI92627	PI092627	zero_pad
PI92629	PI092629	zero_pad
PI92630	PI092630	zero_pad
PI92633	PI092633	zero_pad
PI92636	PI092636	zero_pad
PI92639	PI092639	zero_pad
PI92640	PI092640	zero_pad
PI92641	PI092641	zero_pad
PI92641B	PI092641B	zero_pad
PI92642	PI092642	zero_pad
PI92643	PI092643	zero_pad
PI92645	PI092645	zero_pad
PI92649	PI092649	zero_pad
PI92651	PI092651	zero_pad
PI92654	PI092654	zero_pad
PI92659	PI092659	zero_pad
PI92660	PI092660	zero_pad
PI92661	PI092661	zero_pad
PI92662	PI092662	zero_pad
PI92663	PI092663	zero_pad
PI92671	PI092671	zero_pad
PI92672	PI092672	zero_pad
PI92677	PI092677	zero_pad
PI92681	PI092681	zero_pad
PI92683	PI092683	zero_pad
PI92684	PI092684	zero_pad
PI92686	PI092686	zero_pad
PI92687	PI092687	zero_pad
PI92688	PI092688	zero_pad
PI92688-2	PI092688-2	zero_pad
PI92689	PI092689	zero_pad
PI92690	PI092690	zero_pad
PI92691	PI092691	zero_pad
PI92694	PI092694	zero_pad
PI92696	PI092696	zero_pad
PI92698	PI092698	zero_pad
PI92702	PI092702	zero_pad
PI92704	PI092704	zero_pad
PI92705	PI092705	zero_pad
PI92706	PI092706	zero_pad
PI92707	PI092707	zero_pad
PI92707-2	PI092707-2	zero_pad
PI92707S	PI092707S	zero_pad
PI92713	PI092713	zero_pad
PI92717	PI092717	zero_pad
PI92718	PI092718	zero_pad
PI92718-2	PI092718-2	zero_pad
PI92719	PI092719	zero_pad
PI92720	PI092720	zero_pad
PI92722	PI092722	zero_pad
PI92728	PI092728	zero_pad
PI92733	PI092733	zero_pad
PI92734	PI092734	zero_pad
PI92743	PI092743	zero_pad
PI92748	PI092748	zero_pad
PI93055	PI093055	zero_pad
PI93055S	PI093055S	zero_pad
PI93217	PI093217	zero_pad
PI93559	PI093559	zero_pad
PI93560	PI093560	zero_pad
PI93563	PI093563	zero_pad
PI93565	PI093565	zero_pad
PI93565A	PI093565A	zero_pad
PI94159	PI094159	zero_pad
PI94159-3	PI094159-3	zero_pad
PI94159B	PI094159B	zero_pad
PI95740	PI095740	zero_pad
PI95769	PI095769	zero_pad
PI95780	PI095780	zero_pad
PI95801	PI095801	zero_pad
PI95853	PI095853	zero_pad
PI95860	PI095860	zero_pad
PI95887	PI095887	zero_pad
PI95959	PI095959	zero_pad
PI95960	PI095960	zero_pad
PI95969	PI095969	zero_pad
PI96035	PI096035	zero_pad
PI96089	PI096089	zero_pad
PI96093	PI096093	zero_pad
PI96118	PI096118	zero_pad
PI96152	PI096152	zero_pad
PI96162	PI096162	zero_pad
PI96169	PI096169	zero_pad
PI96169B	PI096169B	zero_pad
PI96171	PI096171	zero_pad
PI96188	PI096188	zero_pad
PI96193	PI096193	zero_pad
PI96194-3	PI096194-3	zero_pad
PI96194P	PI096194P	zero_pad
PI96195	PI096195	zero_pad
PI96199	PI096199	zero_pad
PI96201	PI096201	zero_pad
PI96257	PI096257	zero_pad
PI96280	PI096280	zero_pad
PI96321	PI096321	zero_pad
PI96322	PI096322	zero_pad
PI96333	PI096333	zero_pad
PI96354	PI096354	zero_pad
PI96549	PI096549	zero_pad
PI96550	PI096550	zero_pad
PI96783	PI096783	zero_pad
PI96786	PI096786	zero_pad
PI96786-1	PI096786-1	zero_pad
PI96787	PI096787	zero_pad
PI96808	PI096808	zero_pad
PI96927	PI096927	zero_pad
PI96978	PI096978	zero_pad
PI96983	PI096983	zero_pad
PI96984	PI096984	zero_pad
PI97038	PI097038	zero_pad
PI97066	PI097066	zero_pad
PI97081	PI097081	zero_pad
PI97094	PI097094	zero_pad
PI97100	PI097100	zero_pad
PI97139	PI097139	zero_pad
PI97150	PI097150	zero_pad
PI97155	PI097155	zero_pad
PI97161	PI097161	zero_pad
PI97220	PI097220	zero_pad
PI97222	PI097222	zero_pad
PI97225	PI097225	zero_pad
PI97235	PI097235	zero_pad
PI97605	PI097605	zero_pad
PI97627	PI097627	zero_pad
PI98243	PI098243	zero_pad
