idx	paper_id	chrom	pos
45	Chr19_13445311	19	13445311
142	Chr14_13134423	14	13134423
192	Chr19_34410588	19	34410588
209	Chr17_19731255	17	19731255
371	Chr10_50352250	10	50352250
422	Chr01_50531224	1	50531224
462	Chr18_15745998	18	15745998
558	Chr12_6918054	12	6918054
682	Chr17_36248107	17	36248107
885	Chr18_47958898	18	47958898
1101	Chr15_48165243	15	48165243
1107	Chr09_19106673	9	19106673
1293	Chr13_27651602	13	27651602
1338	Chr15_46181926	15	46181926
1351	Chr04_17322049	4	17322049
1589	Chr06_50852296	6	50852296
1608	Chr14_4581314	14	4581314
1667	Chr16_4293433	16	4293433
1709	Chr18_2466744	18	2466744
1728	Chr16_34382724	16	34382724
1761	Chr13_28859734	13	28859734
1783	Chr16_37570986	16	37570986
1884	Chr18_57473940	18	57473940
1891	Chr18_3058000	18	3058000
1970	Chr13_42576441	13	42576441
1987	Chr08_19440719	8	19440719
2001	Chr20_1368562	20	1368562
2090	Chr13_27283354	13	27283354
2154	Chr18_17680750	18	17680750
2170	Chr03_36672503	3	36672503
2191	Chr05_3162723	5	3162723
2222	Chr17_13118334	17	13118334
2302	Chr08_6969568	8	6969568
2469	Chr13_42725821	13	42725821
2507	Chr17_38769794	17	38769794
2515	Chr07_18723135	7	18723135
2768	Chr18_13130592	18	13130592
2793	Chr03_2495572	3	2495572
2807	Chr08_41116150	8	41116150
3143	Chr20_44678440	20	44678440
3161	Chr02_10828084	2	10828084
3192	Chr10_49296381	10	49296381
3193	Chr03_17603726	3	17603726
3226	Chr02_13042640	2	13042640
3411	Chr08_43864912	8	43864912
3431	Chr14_48075992	14	48075992
3616	Chr20_47630049	20	47630049
3631	Chr04_35045798	4	35045798
3653	Chr01_45269288	1	45269288
3655	Chr05_36452018	5	36452018
3919	Chr06_6372464	6	6372464
3925	Chr02_39945701	2	39945701
3975	Chr19_29273325	19	29273325
3991	Chr06_48172697	6	48172697
4068	Chr18_38984186	18	38984186
4076	Chr18_1761890	18	1761890
4422	Chr20_41296754	20	41296754
4488	Chr17_26178260	17	26178260
4505	Chr18_52455078	18	52455078
4678	Chr11_14329179	11	14329179
4760	Chr12_36516224	12	36516224
4782	Chr04_50203798	4	50203798
4831	Chr14_13139864	14	13139864
4869	Chr03_39407484	3	39407484
4875	Chr13_10891698	13	10891698
4961	Chr10_4672568	10	4672568
4988	Chr08_1627606	8	1627606
5066	Chr04_20631739	4	20631739
5090	Chr14_7589870	14	7589870
5132	Chr02_9451868	2	9451868
5200	Chr03_36136070	3	36136070
5288	Chr11_34297444	11	34297444
5664	Chr08_8434697	8	8434697
5674	Chr19_13410747	19	13410747
5700	Chr19_34304008	19	34304008
5708	Chr20_43052318	20	43052318
5768	Chr19_36688411	19	36688411
5843	Chr07_26476372	7	26476372
5868	Chr07_8520950	7	8520950
6000	Chr10_44616717	10	44616717
6183	Chr05_40587115	5	40587115
6267	Chr18_16060811	18	16060811
6613	Chr20_1847154	20	1847154
6637	Chr01_9284428	1	9284428
6667	Chr18_48691926	18	48691926
6979	Chr09_3949402	9	3949402
7019	Chr16_23952547	16	23952547
7093	Chr16_4625742	16	4625742
7194	Chr09_28661902	9	28661902
7306	Chr08_20173940	8	20173940
7330	Chr02_41531258	2	41531258
7372	Chr08_9399627	8	9399627
7627	Chr20_1129790	20	1129790
7670	Chr18_26527359	18	26527359
7873	Chr13_9755243	13	9755243
7893	Chr02_44214908	2	44214908
8594	Chr18_11990829	18	11990829
8632	Chr14_24548453	14	24548453
9093	Chr15_13016508	15	13016508
9362	Chr14_5511725	14	5511725
9405	Chr06_11009747	6	11009747
9478	Chr10_40511693	10	40511693
9499	Chr10_44338313	10	44338313
9569	Chr19_7299349	19	7299349
9583	Chr15_16968235	15	16968235
9726	Chr19_50578086	19	50578086
9732	Chr20_37637311	20	37637311
9842	Chr16_30267608	16	30267608
9874	Chr16_7688668	16	7688668
9902	Chr20_25347488	20	25347488
9929	Chr07_8735405	7	8735405
9964	Chr06_47610879	6	47610879
9987	Chr14_12677798	14	12677798
10024	Chr07_17064214	7	17064214
10028	Chr16_7851054	16	7851054
10082	Chr06_48602538	6	48602538
10571	Chr09_43691232	9	43691232
10636	Chr17_38909969	17	38909969
10653	Chr16_5799540	16	5799540
10734	Chr06_48152602	6	48152602
10771	Chr08_17320832	8	17320832
10916	Chr18_48443103	18	48443103
11015	Chr20_44677225	20	44677225
11049	Chr04_9580008	4	9580008
11070	Chr18_49303991	18	49303991
11343	Chr13_26827446	13	26827446
11352	Chr17_24861769	17	24861769
11390	Chr13_26924526	13	26924526
11476	Chr13_16281459	13	16281459
11609	Chr10_6059136	10	6059136
11623	Chr14_5641328	14	5641328
11682	Chr07_8517967	7	8517967
12027	Chr19_47736206	19	47736206
12120	Chr07_7379545	7	7379545
12127	Chr09_41348853	9	41348853
12133	Chr12_32724294	12	32724294
12317	Chr07_37034937	7	37034937
12425	Chr18_15320027	18	15320027
12434	Chr14_6746277	14	6746277
12494	Chr07_9909832	7	9909832
12636	Chr15_14912225	15	14912225
12639	Chr12_2248601	12	2248601
12675	Chr18_40461914	18	40461914
12726	Chr10_47996038	10	47996038
12768	Chr13_24632240	13	24632240
13076	Chr04_3988719	4	3988719
13169	Chr07_14146698	7	14146698
13172	Chr06_48157501	6	48157501
13247	Chr09_2037617	9	2037617
13399	Chr11_11031273	11	11031273
13463	Chr13_40382596	13	40382596
13509	Chr05_35005617	5	35005617
13520	Chr19_40640221	19	40640221
13529	Chr13_38306661	13	38306661
13796	Chr20_47004871	20	47004871
14096	Chr10_40512291	10	40512291
14145	Chr08_13125324	8	13125324
14267	Chr20_46793256	20	46793256
14377	Chr15_10553131	15	10553131
14453	Chr05_40946970	5	40946970
14468	Chr13_24649512	13	24649512
14496	Chr06_46650062	6	46650062
14615	Chr20_44505799	20	44505799
14666	Chr07_9489274	7	9489274
14712	Chr02_12403806	2	12403806
14759	Chr03_36218745	3	36218745
14855	Chr04_49190772	4	49190772
14926	Chr18_16334072	18	16334072
15019	Chr19_38334051	19	38334051
15031	Chr17_29018713	17	29018713
15052	Chr01_44006187	1	44006187
15067	Chr09_49159729	9	49159729
15216	Chr11_18224605	11	18224605
15383	Chr01_39309715	1	39309715
15406	Chr16_35189580	16	35189580
15711	Chr08_46857568	8	46857568
15809	Chr14_46292138	14	46292138
15980	Chr13_15014395	13	15014395
16088	Chr10_5366082	10	5366082
16297	Chr19_13876403	19	13876403
16410	Chr06_3685099	6	3685099
16496	Chr15_11946564	15	11946564
16602	Chr13_41351719	13	41351719
16781	Chr07_37020146	7	37020146
16846	Chr15_15934658	15	15934658
16860	Chr20_47707314	20	47707314
16908	Chr13_35956909	13	35956909
17066	Chr07_12472067	7	12472067
17070	Chr08_16190177	8	16190177
17121	Chr01_1234293	1	1234293
17243	Chr05_29109248	5	29109248
17429	Chr01_30530043	1	30530043
17464	Chr09_4316401	9	4316401
17590	Chr09_4923325	9	4923325
17680	Chr11_6013222	11	6013222
17816	Chr18_53596707	18	53596707
17842	Chr04_9640289	4	9640289
17855	Chr20_1109726	20	1109726
17927	Chr15_7670100	15	7670100
18002	Chr10_1393163	10	1393163
18006	Chr12_15618816	12	15618816
18059	Chr10_38753114	10	38753114
18086	Chr04_44143283	4	44143283
18159	Chr04_20263553	4	20263553
18238	Chr08_42521812	8	42521812
18428	Chr18_14517761	18	14517761
18455	Chr12_17974996	12	17974996
18539	Chr16_4573543	16	4573543
18798	Chr05_7788051	5	7788051
18866	Chr02_13731685	2	13731685
18895	Chr01_1745945	1	1745945
18912	Chr18_14519119	18	14519119
18920	Chr14_6106323	14	6106323
18994	Chr06_46907841	6	46907841
19010	Chr16_28827852	16	28827852
19129	Chr19_33545604	19	33545604
19212	Chr12_6103287	12	6103287
19263	Chr18_14432889	18	14432889
19425	Chr13_37573475	13	37573475
19510	Chr13_17646784	13	17646784
19734	Chr18_49255908	18	49255908
19830	Chr10_4079853	10	4079853
19923	Chr06_47883817	6	47883817
20129	Chr10_39268867	10	39268867
20175	Chr18_11012445	18	11012445
20241	Chr15_13184767	15	13184767
20259	Chr09_20787476	9	20787476
20267	Chr02_32438418	2	32438418
20336	Chr14_23293973	14	23293973
20371	Chr13_26015168	13	26015168
20514	Chr17_12581749	17	12581749
20646	Chr02_44427664	2	44427664
20682	Chr02_38472609	2	38472609
20771	Chr03_38358985	3	38358985
20911	Chr11_6015546	11	6015546
20935	Chr18_54308168	18	54308168
20950	Chr01_51742141	1	51742141
21049	Chr15_10418136	15	10418136
21061	Chr16_7795526	16	7795526
21119	Chr01_40092915	1	40092915
21320	Chr08_44107580	8	44107580
21380	Chr08_43629652	8	43629652
21522	Chr13_29698315	13	29698315
21553	Chr19_7300346	19	7300346
21808	Chr01_50301137	1	50301137
21963	Chr13_17611721	13	17611721
22072	Chr10_49979852	10	49979852
22095	Chr09_7263685	9	7263685
22101	Chr16_29665001	16	29665001
22123	Chr07_4708698	7	4708698
22197	Chr11_34706421	11	34706421
22202	Chr09_4856517	9	4856517
22231	Chr01_49953772	1	49953772
22309	Chr02_8315478	2	8315478
22443	Chr18_48457688	18	48457688
22950	Chr02_8316398	2	8316398
22985	Chr09_46402313	9	46402313
23454	Chr03_16527902	3	16527902
23460	Chr03_33134192	3	33134192
23599	Chr02_14407502	2	14407502
23768	Chr12_34953570	12	34953570
24121	Chr03_3872290	3	3872290
24226	Chr19_5554845	19	5554845
24234	Chr10_23187294	10	23187294
24267	Chr18_5576077	18	5576077
24404	Chr10_49827477	10	49827477
24446	Chr13_17348255	13	17348255
24454	Chr01_34406159	1	34406159
24704	Chr09_106196	9	106196
24731	Chr01_5568956	1	5568956
24787	Chr14_4856342	14	4856342
24827	Chr08_17489058	8	17489058
24937	Chr07_12403059	7	12403059
25118	Chr18_1296185	18	1296185
25207	Chr12_34896325	12	34896325
25212	Chr15_15558868	15	15558868
25265	Chr01_40359069	1	40359069
25288	Chr02_38473631	2	38473631
25464	Chr04_2224525	4	2224525
25783	Chr10_4117535	10	4117535
25820	Chr18_14616093	18	14616093
25878	Chr14_39375355	14	39375355
25901	Chr16_702740	16	702740
25957	Chr18_25149756	18	25149756
26040	Chr18_55155805	18	55155805
26063	Chr08_15784236	8	15784236
26128	Chr13_19243957	13	19243957
26141	Chr15_5897514	15	5897514
26143	Chr11_28490997	11	28490997
26163	Chr10_48429086	10	48429086
26206	Chr16_6796883	16	6796883
26236	Chr19_33621181	19	33621181
26292	Chr08_13293726	8	13293726
26349	Chr09_48910738	9	48910738
26531	Chr07_7571565	7	7571565
26563	Chr11_26243402	11	26243402
26720	Chr09_45811792	9	45811792
26854	Chr08_21402577	8	21402577
27076	Chr18_12276485	18	12276485
27112	Chr04_47384840	4	47384840
27192	Chr18_6885553	18	6885553
27421	Chr17_34970142	17	34970142
27437	Chr08_21785268	8	21785268
27503	Chr13_32060399	13	32060399
27555	Chr19_36678094	19	36678094
27591	Chr18_52287112	18	52287112
27615	Chr12_37967855	12	37967855
27679	Chr05_3280126	5	3280126
27827	Chr19_42047968	19	42047968
27998	Chr18_19235970	18	19235970
28033	Chr12_6321596	12	6321596
28054	Chr17_10942849	17	10942849
28160	Chr07_14327172	7	14327172
28228	Chr19_40261543	19	40261543
28307	Chr14_4982757	14	4982757
28364	Chr11_33412245	11	33412245
28426	Chr06_48863140	6	48863140
28456	Chr13_17349086	13	17349086
28514	Chr07_13044621	7	13044621
28531	Chr14_46469727	14	46469727
29072	Chr18_43486787	18	43486787
29085	Chr09_20146065	9	20146065
29157	Chr02_43784710	2	43784710
29225	Chr08_9399858	8	9399858
29253	Chr12_17820807	12	17820807
29296	Chr17_8080597	17	8080597
29309	Chr16_7796897	16	7796897
29439	Chr08_11500975	8	11500975
29457	Chr20_39804425	20	39804425
29462	Chr06_16099315	6	16099315
29579	Chr09_43350668	9	43350668
29643	Chr19_40243096	19	40243096
29753	Chr03_36137106	3	36137106
29807	Chr19_6191542	19	6191542
29894	Chr20_4713875	20	4713875
30035	Chr03_9111573	3	9111573
30181	Chr19_9041555	19	9041555
30209	Chr07_13442991	7	13442991
30222	Chr20_36742675	20	36742675
30395	Chr07_14674982	7	14674982
30399	Chr09_5545772	9	5545772
30467	Chr13_37615248	13	37615248
30594	Chr15_35938503	15	35938503
30627	Chr15_14450773	15	14450773
30696	Chr11_30584567	11	30584567
30723	Chr20_40820776	20	40820776
30781	Chr08_7473793	8	7473793
31006	Chr11_27119917	11	27119917
31094	Chr13_42792826	13	42792826
31196	Chr14_6732211	14	6732211
31287	Chr13_25521071	13	25521071
31296	Chr14_45714073	14	45714073
31438	Chr13_26010003	13	26010003
31463	Chr14_29498553	14	29498553
31556	Chr18_20815994	18	20815994
31581	Chr10_44617911	10	44617911
31613	Chr06_7371647	6	7371647
31834	Chr16_9183887	16	9183887
31894	Chr10_42000403	10	42000403
